threshold,accuracy,balanced_accuracy,precision,recall,f1_score,true_positive,true_negative,false_positive,false_negative,predicted_positive_rate,model
0.65,0.8467423287095418,0.7898027188022224,0.4953343701399689,0.708171206225681,0.5829329672843743,1274,8798,1298,525,0.2162253047498949,gradient_boosting_light
0.6000000000000001,0.8314417822614544,0.7974630044072732,0.46448275862068966,0.7487493051695386,0.5733134709512663,1347,8543,1553,452,0.24379991593106348,random_forest_light
0.55,0.8323665405632619,0.782019241187876,0.4645325572935613,0.7098387993329628,0.5615655233069481,1277,8624,1472,522,0.2311055065153426,decision_tree_depth4
0.6000000000000001,0.8093316519546028,0.7675358801200527,0.4222222222222222,0.707615341856587,0.5288741171582884,1273,8354,1742,526,0.25346784363177804,logistic_regression_baseline
